image_id,image_path,width,height,candidate_count,runtime_ms
020_0002_j,C:\Users\juinh\OneDrive\StudyMaterials\Mini Project\Activity 8\Activity 8\Inputs\Inputs\Traffic signs\Blue Signs\020_0002_j.png,101,119,7,135.617
020_0003,C:\Users\juinh\OneDrive\StudyMaterials\Mini Project\Activity 8\Activity 8\Inputs\Inputs\Traffic signs\Blue Signs\020_0003.png,190,160,2,2.628
020_0004,C:\Users\juinh\OneDrive\StudyMaterials\Mini Project\Activity 8\Activity 8\Inputs\Inputs\Traffic signs\Blue Signs\020_0004.png,146,135,5,1.79
020_0006,C:\Users\juinh\OneDrive\StudyMaterials\Mini Project\Activity 8\Activity 8\Inputs\Inputs\Traffic signs\Blue Signs\020_0006.png,243,216,15,3.485
021_0002_j,C:\Users\juinh\OneDrive\StudyMaterials\Mini Project\Activity 8\Activity 8\Inputs\Inputs\Traffic signs\Blue Signs\021_0002_j.png,136,117,4,1.691
021_0003,C:\Users\juinh\OneDrive\StudyMaterials\Mini Project\Activity 8\Activity 8\Inputs\Inputs\Traffic signs\Blue Signs\021_0003.png,131,117,1,1.132
021_0004,C:\Users\juinh\OneDrive\StudyMaterials\Mini Project\Activity 8\Activity 8\Inputs\Inputs\Traffic signs\Blue Signs\021_0004.png,138,125,1,1.39
021_0004_j,C:\Users\juinh\OneDrive\StudyMaterials\Mini Project\Activity 8\Activity 8\Inputs\Inputs\Traffic signs\Blue Signs\021_0004_j.png,178,161,7,2.222
022_0005,C:\Users\juinh\OneDrive\StudyMaterials\Mini Project\Activity 8\Activity 8\Inputs\Inputs\Traffic signs\Blue Signs\022_0005.png,143,127,1,1.567
023_1_0002_1_j,C:\Users\juinh\OneDrive\StudyMaterials\Mini Project\Activity 8\Activity 8\Inputs\Inputs\Traffic signs\Blue Signs\023_1_0002_1_j.png,161,155,1,1.456
023_1_0003,C:\Users\juinh\OneDrive\StudyMaterials\Mini Project\Activity 8\Activity 8\Inputs\Inputs\Traffic signs\Blue Signs\023_1_0003.png,165,150,1,1.608
023_1_0004,C:\Users\juinh\OneDrive\StudyMaterials\Mini Project\Activity 8\Activity 8\Inputs\Inputs\Traffic signs\Blue Signs\023_1_0004.png,96,93,1,1.317
023_1_0005,C:\Users\juinh\OneDrive\StudyMaterials\Mini Project\Activity 8\Activity 8\Inputs\Inputs\Traffic signs\Blue Signs\023_1_0005.png,239,192,1,2.622
024_1_0016,C:\Users\juinh\OneDrive\StudyMaterials\Mini Project\Activity 8\Activity 8\Inputs\Inputs\Traffic signs\Blue Signs\024_1_0016.png,290,247,2,3.647
024_1_0017,C:\Users\juinh\OneDrive\StudyMaterials\Mini Project\Activity 8\Activity 8\Inputs\Inputs\Traffic signs\Blue Signs\024_1_0017.png,262,230,6,3.256
026_1_0016,C:\Users\juinh\OneDrive\StudyMaterials\Mini Project\Activity 8\Activity 8\Inputs\Inputs\Traffic signs\Blue Signs\026_1_0016.png,142,128,2,1.638
027_0002,C:\Users\juinh\OneDrive\StudyMaterials\Mini Project\Activity 8\Activity 8\Inputs\Inputs\Traffic signs\Blue Signs\027_0002.png,139,130,3,1.738
027_0010,C:\Users\juinh\OneDrive\StudyMaterials\Mini Project\Activity 8\Activity 8\Inputs\Inputs\Traffic signs\Blue Signs\027_0010.png,92,92,5,1.348
027_0012,C:\Users\juinh\OneDrive\StudyMaterials\Mini Project\Activity 8\Activity 8\Inputs\Inputs\Traffic signs\Blue Signs\027_0012.png,102,95,1,1.117
028_0202,C:\Users\juinh\OneDrive\StudyMaterials\Mini Project\Activity 8\Activity 8\Inputs\Inputs\Traffic signs\Blue Signs\028_0202.png,125,114,2,1.376
028_1_0007,C:\Users\juinh\OneDrive\StudyMaterials\Mini Project\Activity 8\Activity 8\Inputs\Inputs\Traffic signs\Blue Signs\028_1_0007.png,155,155,10,2.102
028_1_0216,C:\Users\juinh\OneDrive\StudyMaterials\Mini Project\Activity 8\Activity 8\Inputs\Inputs\Traffic signs\Blue Signs\028_1_0216.png,188,169,3,2.235
029_1_0015,C:\Users\juinh\OneDrive\StudyMaterials\Mini Project\Activity 8\Activity 8\Inputs\Inputs\Traffic signs\Blue Signs\029_1_0015.png,161,152,1,1.508
030_1_0002,C:\Users\juinh\OneDrive\StudyMaterials\Mini Project\Activity 8\Activity 8\Inputs\Inputs\Traffic signs\Blue Signs\030_1_0002.png,230,220,4,3.529
030_1_0018_1_j,C:\Users\juinh\OneDrive\StudyMaterials\Mini Project\Activity 8\Activity 8\Inputs\Inputs\Traffic signs\Blue Signs\030_1_0018_1_j.png,168,147,1,2.216
030_1_0023,C:\Users\juinh\OneDrive\StudyMaterials\Mini Project\Activity 8\Activity 8\Inputs\Inputs\Traffic signs\Blue Signs\030_1_0023.png,138,108,1,1.635
031_0011,C:\Users\juinh\OneDrive\StudyMaterials\Mini Project\Activity 8\Activity 8\Inputs\Inputs\Traffic signs\Blue Signs\031_0011.png,138,126,1,2.434
031_1_0020,C:\Users\juinh\OneDrive\StudyMaterials\Mini Project\Activity 8\Activity 8\Inputs\Inputs\Traffic signs\Blue Signs\031_1_0020.png,279,257,7,4.925
000_1_0002,C:\Users\juinh\OneDrive\StudyMaterials\Mini Project\Activity 8\Activity 8\Inputs\Inputs\Traffic signs\Red signs\000_1_0002.png,165,151,4,2.368
000_1_0013,C:\Users\juinh\OneDrive\StudyMaterials\Mini Project\Activity 8\Activity 8\Inputs\Inputs\Traffic signs\Red signs\000_1_0013.png,158,127,1,2.154
000_1_0018,C:\Users\juinh\OneDrive\StudyMaterials\Mini Project\Activity 8\Activity 8\Inputs\Inputs\Traffic signs\Red signs\000_1_0018.png,212,194,1,3.115
000_1_0034,C:\Users\juinh\OneDrive\StudyMaterials\Mini Project\Activity 8\Activity 8\Inputs\Inputs\Traffic signs\Red signs\000_1_0034.png,70,60,1,1.635
001_0004,C:\Users\juinh\OneDrive\StudyMaterials\Mini Project\Activity 8\Activity 8\Inputs\Inputs\Traffic signs\Red signs\001_0004.png,78,65,1,1.215
001_1_0009,C:\Users\juinh\OneDrive\StudyMaterials\Mini Project\Activity 8\Activity 8\Inputs\Inputs\Traffic signs\Red signs\001_1_0009.png,131,124,8,2.409
002_0036,C:\Users\juinh\OneDrive\StudyMaterials\Mini Project\Activity 8\Activity 8\Inputs\Inputs\Traffic signs\Red signs\002_0036.png,235,214,1,3.035
002_1_0010,C:\Users\juinh\OneDrive\StudyMaterials\Mini Project\Activity 8\Activity 8\Inputs\Inputs\Traffic signs\Red signs\002_1_0010.png,95,76,2,1.543
003_1_0034,C:\Users\juinh\OneDrive\StudyMaterials\Mini Project\Activity 8\Activity 8\Inputs\Inputs\Traffic signs\Red signs\003_1_0034.png,144,140,1,2.006
004_1_0020,C:\Users\juinh\OneDrive\StudyMaterials\Mini Project\Activity 8\Activity 8\Inputs\Inputs\Traffic signs\Red signs\004_1_0020.png,83,80,1,1.166
005_0030,C:\Users\juinh\OneDrive\StudyMaterials\Mini Project\Activity 8\Activity 8\Inputs\Inputs\Traffic signs\Red signs\005_0030.png,102,103,5,1.598
005_1_0027,C:\Users\juinh\OneDrive\StudyMaterials\Mini Project\Activity 8\Activity 8\Inputs\Inputs\Traffic signs\Red signs\005_1_0027.png,158,147,5,2.536
007_1_0006,C:\Users\juinh\OneDrive\StudyMaterials\Mini Project\Activity 8\Activity 8\Inputs\Inputs\Traffic signs\Red signs\007_1_0006.png,133,125,4,3.86
008_1_0008_1_j,C:\Users\juinh\OneDrive\StudyMaterials\Mini Project\Activity 8\Activity 8\Inputs\Inputs\Traffic signs\Red signs\008_1_0008_1_j.png,127,119,1,3.011
010_1_0013,C:\Users\juinh\OneDrive\StudyMaterials\Mini Project\Activity 8\Activity 8\Inputs\Inputs\Traffic signs\Red signs\010_1_0013.png,116,122,1,2.94
011_0029,C:\Users\juinh\OneDrive\StudyMaterials\Mini Project\Activity 8\Activity 8\Inputs\Inputs\Traffic signs\Red signs\011_0029.png,65,58,3,1.179
011_1_0019,C:\Users\juinh\OneDrive\StudyMaterials\Mini Project\Activity 8\Activity 8\Inputs\Inputs\Traffic signs\Red signs\011_1_0019.png,201,179,3,3.034
012_1_0015,C:\Users\juinh\OneDrive\StudyMaterials\Mini Project\Activity 8\Activity 8\Inputs\Inputs\Traffic signs\Red signs\012_1_0015.png,94,100,3,1.724
013_0013,C:\Users\juinh\OneDrive\StudyMaterials\Mini Project\Activity 8\Activity 8\Inputs\Inputs\Traffic signs\Red signs\013_0013.png,117,106,1,1.469
014_1_0028,C:\Users\juinh\OneDrive\StudyMaterials\Mini Project\Activity 8\Activity 8\Inputs\Inputs\Traffic signs\Red signs\014_1_0028.png,120,114,1,1.467
015_1_0001,C:\Users\juinh\OneDrive\StudyMaterials\Mini Project\Activity 8\Activity 8\Inputs\Inputs\Traffic signs\Red signs\015_1_0001.png,123,121,4,1.732
016_1_0014,C:\Users\juinh\OneDrive\StudyMaterials\Mini Project\Activity 8\Activity 8\Inputs\Inputs\Traffic signs\Red signs\016_1_0014.png,136,130,1,1.598
017_1_0017,C:\Users\juinh\OneDrive\StudyMaterials\Mini Project\Activity 8\Activity 8\Inputs\Inputs\Traffic signs\Red signs\017_1_0017.png,114,103,2,1.624
033_1_0001,C:\Users\juinh\OneDrive\StudyMaterials\Mini Project\Activity 8\Activity 8\Inputs\Inputs\Traffic signs\Red signs\033_1_0001.png,134,146,4,2.157
052_1_0008_1_j,C:\Users\juinh\OneDrive\StudyMaterials\Mini Project\Activity 8\Activity 8\Inputs\Inputs\Traffic signs\Red signs\052_1_0008_1_j.png,167,157,3,2.529
055_1_0031,C:\Users\juinh\OneDrive\StudyMaterials\Mini Project\Activity 8\Activity 8\Inputs\Inputs\Traffic signs\Red signs\055_1_0031.png,163,161,1,1.858
056_1_0010,C:\Users\juinh\OneDrive\StudyMaterials\Mini Project\Activity 8\Activity 8\Inputs\Inputs\Traffic signs\Red signs\056_1_0010.png,213,179,3,3.276
057_0003_j,C:\Users\juinh\OneDrive\StudyMaterials\Mini Project\Activity 8\Activity 8\Inputs\Inputs\Traffic signs\Red signs\057_0003_j.png,142,132,1,1.828
032_1_0001_1_j,C:\Users\juinh\OneDrive\StudyMaterials\Mini Project\Activity 8\Activity 8\Inputs\Inputs\Traffic signs\Yellow Signs\032_1_0001_1_j.png,226,153,5,2.278
032_1_0002_1_j,C:\Users\juinh\OneDrive\StudyMaterials\Mini Project\Activity 8\Activity 8\Inputs\Inputs\Traffic signs\Yellow Signs\032_1_0002_1_j.png,158,160,2,2.456
034_1_0002,C:\Users\juinh\OneDrive\StudyMaterials\Mini Project\Activity 8\Activity 8\Inputs\Inputs\Traffic signs\Yellow Signs\034_1_0002.png,100,97,1,1.633
034_1_0003_1_j,C:\Users\juinh\OneDrive\StudyMaterials\Mini Project\Activity 8\Activity 8\Inputs\Inputs\Traffic signs\Yellow Signs\034_1_0003_1_j.png,124,108,3,1.817
035_1_0002,C:\Users\juinh\OneDrive\StudyMaterials\Mini Project\Activity 8\Activity 8\Inputs\Inputs\Traffic signs\Yellow Signs\035_1_0002.png,90,77,4,1.664
035_1_0003,C:\Users\juinh\OneDrive\StudyMaterials\Mini Project\Activity 8\Activity 8\Inputs\Inputs\Traffic signs\Yellow Signs\035_1_0003.png,99,83,1,1.194
035_1_0004,C:\Users\juinh\OneDrive\StudyMaterials\Mini Project\Activity 8\Activity 8\Inputs\Inputs\Traffic signs\Yellow Signs\035_1_0004.png,132,122,2,1.758
036_1_0014,C:\Users\juinh\OneDrive\StudyMaterials\Mini Project\Activity 8\Activity 8\Inputs\Inputs\Traffic signs\Yellow Signs\036_1_0014.png,210,200,1,3.106
036_1_0016,C:\Users\juinh\OneDrive\StudyMaterials\Mini Project\Activity 8\Activity 8\Inputs\Inputs\Traffic signs\Yellow Signs\036_1_0016.png,134,127,2,2.387
036_1_0019,C:\Users\juinh\OneDrive\StudyMaterials\Mini Project\Activity 8\Activity 8\Inputs\Inputs\Traffic signs\Yellow Signs\036_1_0019.png,82,75,2,1.372
037_0019,C:\Users\juinh\OneDrive\StudyMaterials\Mini Project\Activity 8\Activity 8\Inputs\Inputs\Traffic signs\Yellow Signs\037_0019.png,129,111,2,1.574
037_0021,C:\Users\juinh\OneDrive\StudyMaterials\Mini Project\Activity 8\Activity 8\Inputs\Inputs\Traffic signs\Yellow Signs\037_0021.png,113,107,1,1.255
037_1_0009,C:\Users\juinh\OneDrive\StudyMaterials\Mini Project\Activity 8\Activity 8\Inputs\Inputs\Traffic signs\Yellow Signs\037_1_0009.png,129,120,5,1.831
038_0008,C:\Users\juinh\OneDrive\StudyMaterials\Mini Project\Activity 8\Activity 8\Inputs\Inputs\Traffic signs\Yellow Signs\038_0008.png,153,144,2,1.982
040_0011,C:\Users\juinh\OneDrive\StudyMaterials\Mini Project\Activity 8\Activity 8\Inputs\Inputs\Traffic signs\Yellow Signs\040_0011.png,136,123,2,1.687
042_0002_j,C:\Users\juinh\OneDrive\StudyMaterials\Mini Project\Activity 8\Activity 8\Inputs\Inputs\Traffic signs\Yellow Signs\042_0002_j.png,145,134,4,3.864
042_0016_j,C:\Users\juinh\OneDrive\StudyMaterials\Mini Project\Activity 8\Activity 8\Inputs\Inputs\Traffic signs\Yellow Signs\042_0016_j.png,140,132,3,1.733
043_1_0021,C:\Users\juinh\OneDrive\StudyMaterials\Mini Project\Activity 8\Activity 8\Inputs\Inputs\Traffic signs\Yellow Signs\043_1_0021.png,206,209,1,2.95
045_1_0004,C:\Users\juinh\OneDrive\StudyMaterials\Mini Project\Activity 8\Activity 8\Inputs\Inputs\Traffic signs\Yellow Signs\045_1_0004.png,147,143,3,1.793
045_1_0009,C:\Users\juinh\OneDrive\StudyMaterials\Mini Project\Activity 8\Activity 8\Inputs\Inputs\Traffic signs\Yellow Signs\045_1_0009.png,141,131,4,1.926
046_0005_j,C:\Users\juinh\OneDrive\StudyMaterials\Mini Project\Activity 8\Activity 8\Inputs\Inputs\Traffic signs\Yellow Signs\046_0005_j.png,127,134,4,2.237
047_0002,C:\Users\juinh\OneDrive\StudyMaterials\Mini Project\Activity 8\Activity 8\Inputs\Inputs\Traffic signs\Yellow Signs\047_0002.png,120,102,3,1.719
047_0005,C:\Users\juinh\OneDrive\StudyMaterials\Mini Project\Activity 8\Activity 8\Inputs\Inputs\Traffic signs\Yellow Signs\047_0005.png,232,208,8,3.41
047_1_0003,C:\Users\juinh\OneDrive\StudyMaterials\Mini Project\Activity 8\Activity 8\Inputs\Inputs\Traffic signs\Yellow Signs\047_1_0003.png,120,102,3,1.532
048_0004,C:\Users\juinh\OneDrive\StudyMaterials\Mini Project\Activity 8\Activity 8\Inputs\Inputs\Traffic signs\Yellow Signs\048_0004.png,193,168,6,2.231
049_1_0010,C:\Users\juinh\OneDrive\StudyMaterials\Mini Project\Activity 8\Activity 8\Inputs\Inputs\Traffic signs\Yellow Signs\049_1_0010.png,109,98,1,1.54
050_1_0003,C:\Users\juinh\OneDrive\StudyMaterials\Mini Project\Activity 8\Activity 8\Inputs\Inputs\Traffic signs\Yellow Signs\050_1_0003.png,181,172,4,2.366
051_0005_j,C:\Users\juinh\OneDrive\StudyMaterials\Mini Project\Activity 8\Activity 8\Inputs\Inputs\Traffic signs\Yellow Signs\051_0005_j.png,92,90,2,1.727
